glyph_name,ps_name,sort_final,sort_design,USV
.notdef,.notdef,0,0,
.null,.null,1,1,
nonmarkingreturn,nonmarkingreturn,2,2,
space,space,3,3,0020
space.latn,space.latn,4,4,
exclam,exclam,5,5,0021
exclam.latn,exclam.latn,6,6,
quotedbl,quotedbl,7,7,0022
numbersign,numbersign,8,8,0023
dollar,dollar,9,9,0024
percent,percent,10,10,0025
ampersand,ampersand,11,11,0026
quotesingle,quotesingle,12,12,0027
parenleft,parenleft,13,13,0028
parenleft.latn,parenleft.latn,14,14,
parenright,parenright,15,15,0029
parenright.latn,parenright.latn,16,16,
asterisk,asterisk,17,17,002A
plus,plus,18,18,002B
comma,comma,19,19,002C
comma.latn,comma.latn,20,20,
hyphen,hyphen,21,21,002D
hyphen.latn,hyphen.latn,22,22,
period,period,23,23,002E
period.latn,period.latn,24,24,
slash,slash,25,25,002F
slash.latn,slash.latn,26,26,
zero,zero,27,27,0030
zero.latn,zero.latn,28,28,
one,one,29,29,0031
one.latn,one.latn,30,30,
two,two,31,31,0032
two.latn,two.latn,32,32,
three,three,33,33,0033
three.latn,three.latn,34,34,
four,four,35,35,0034
four.latn,four.latn,36,36,
five,five,37,37,0035
five.latn,five.latn,38,38,
six,six,39,39,0036
six.latn,six.latn,40,40,
seven,seven,41,41,0037
seven.latn,seven.latn,42,42,
eight,eight,43,43,0038
eight.latn,eight.latn,44,44,
nine,nine,45,45,0039
nine.latn,nine.latn,46,46,
colon,colon,47,47,003A
colon.latn,colon.latn,48,48,
semicolon,semicolon,49,49,003B
semicolon.latn,semicolon.latn,50,50,
less,less,51,51,003C
equal,equal,52,52,003D
greater,greater,53,53,003E
question,question,54,54,003F
question.latn,question.latn,55,55,
at,at,56,56,0040
A,A,57,57,0041
B,B,58,58,0042
C,C,59,59,0043
D,D,60,60,0044
E,E,61,61,0045
F,F,62,62,0046
G,G,63,63,0047
H,H,64,64,0048
I,I,65,65,0049
J,J,66,66,004A
K,K,67,67,004B
L,L,68,68,004C
M,M,69,69,004D
N,N,70,70,004E
O,O,71,71,004F
P,P,72,72,0050
Q,Q,73,73,0051
R,R,74,74,0052
S,S,75,75,0053
T,T,76,76,0054
U,U,77,77,0055
V,V,78,78,0056
W,W,79,79,0057
X,X,80,80,0058
Y,Y,81,81,0059
Z,Z,82,82,005A
bracketleft,bracketleft,83,83,005B
backslash,backslash,84,84,005C
bracketright,bracketright,85,85,005D
asciicircum,asciicircum,86,86,005E
underscore,underscore,87,87,005F
grave,grave,88,88,0060
a,a,89,89,0061
b,b,90,90,0062
c,c,91,91,0063
d,d,92,92,0064
e,e,93,93,0065
f,f,94,94,0066
g,g,95,95,0067
h,h,96,96,0068
i,i,97,97,0069
j,j,98,98,006A
k,k,99,99,006B
l,l,100,100,006C
m,m,101,101,006D
n,n,102,102,006E
o,o,103,103,006F
p,p,104,104,0070
q,q,105,105,0071
r,r,106,106,0072
s,s,107,107,0073
t,t,108,108,0074
u,u,109,109,0075
v,v,110,110,0076
w,w,111,111,0077
x,x,112,112,0078
y,y,113,113,0079
z,z,114,114,007A
braceleft,braceleft,115,115,007B
bar,bar,116,116,007C
braceright,braceright,117,117,007D
asciitilde,asciitilde,118,118,007E
nbsp,uni00A0,119,119,00A0
exclamdown,exclamdown,120,120,00A1
cent,cent,121,121,00A2
sterling,sterling,122,122,00A3
currency,currency,123,123,00A4
yen,yen,124,124,00A5
brokenbar,brokenbar,125,125,00A6
section,section,126,126,00A7
dieresis,dieresis,127,127,00A8
copyright,copyright,128,128,00A9
ordfeminine,ordfeminine,129,129,00AA
guillemetleft,guillemotleft,130,130,00AB
logicalnot,logicalnot,131,131,00AC
softhyphen,uni00AD,132,132,00AD
softhyphen.latn,uni00AD.latn,133,133,
registered,registered,134,134,00AE
macron,macron,135,135,00AF
degree,degree,136,136,00B0
plusminus,plusminus,137,137,00B1
twosuperior,uni00B2,138,138,00B2
threesuperior,uni00B3,139,139,00B3
acute,acute,140,140,00B4
micro,mu,141,141,00B5
paragraph,paragraph,142,142,00B6
periodcentered,periodcentered,143,143,00B7
cedilla,cedilla,144,144,00B8
onesuperior,uni00B9,145,145,00B9
ordmasculine,ordmasculine,146,146,00BA
guillemetright,guillemotright,147,147,00BB
onequarter,onequarter,148,148,00BC
onehalf,onehalf,149,149,00BD
threequarters,threequarters,150,150,00BE
questiondown,questiondown,151,151,00BF
Agrave,Agrave,152,152,00C0
Aacute,Aacute,153,153,00C1
Acircumflex,Acircumflex,154,154,00C2
Atilde,Atilde,155,155,00C3
Adieresis,Adieresis,156,156,00C4
Aring,Aring,157,157,00C5
AE,AE,158,158,00C6
Ccedilla,Ccedilla,159,159,00C7
Egrave,Egrave,160,160,00C8
Eacute,Eacute,161,161,00C9
Ecircumflex,Ecircumflex,162,162,00CA
Edieresis,Edieresis,163,163,00CB
Igrave,Igrave,164,164,00CC
Iacute,Iacute,165,165,00CD
Icircumflex,Icircumflex,166,166,00CE
Idieresis,Idieresis,167,167,00CF
Eth,Eth,168,168,00D0
Ntilde,Ntilde,169,169,00D1
Ograve,Ograve,170,170,00D2
Oacute,Oacute,171,171,00D3
Ocircumflex,Ocircumflex,172,172,00D4
Otilde,Otilde,173,173,00D5
Odieresis,Odieresis,174,174,00D6
multiply,multiply,175,175,00D7
Oslash,Oslash,176,176,00D8
Ugrave,Ugrave,177,177,00D9
Uacute,Uacute,178,178,00DA
Ucircumflex,Ucircumflex,179,179,00DB
Udieresis,Udieresis,180,180,00DC
Yacute,Yacute,181,181,00DD
Thorn,Thorn,182,182,00DE
germandbls,germandbls,183,183,00DF
agrave,agrave,184,184,00E0
aacute,aacute,185,185,00E1
acircumflex,acircumflex,186,186,00E2
atilde,atilde,187,187,00E3
adieresis,adieresis,188,188,00E4
aring,aring,189,189,00E5
ae,ae,190,190,00E6
ccedilla,ccedilla,191,191,00E7
egrave,egrave,192,192,00E8
eacute,eacute,193,193,00E9
ecircumflex,ecircumflex,194,194,00EA
edieresis,edieresis,195,195,00EB
igrave,igrave,196,196,00EC
iacute,iacute,197,197,00ED
icircumflex,icircumflex,198,198,00EE
idieresis,idieresis,199,199,00EF
eth,eth,200,200,00F0
ntilde,ntilde,201,201,00F1
ograve,ograve,202,202,00F2
oacute,oacute,203,203,00F3
ocircumflex,ocircumflex,204,204,00F4
otilde,otilde,205,205,00F5
odieresis,odieresis,206,206,00F6
divide,divide,207,207,00F7
oslash,oslash,208,208,00F8
ugrave,ugrave,209,209,00F9
uacute,uacute,210,210,00FA
ucircumflex,ucircumflex,211,211,00FB
udieresis,udieresis,212,212,00FC
yacute,yacute,213,213,00FD
thorn,thorn,214,214,00FE
ydieresis,ydieresis,215,215,00FF
idotless,dotlessi,216,216,0131
OE,OE,217,217,0152
oe,oe,218,218,0153
Scaron,Scaron,219,219,0160
scaron,scaron,220,220,0161
Ydieresis,Ydieresis,221,221,0178
Zcaron,Zcaron,222,222,017D
zcaron,zcaron,223,223,017E
florin,florin,224,224,0192
apostrophemod,uni02BC,225,225,02BC
circumflex,circumflex,226,226,02C6
caron,caron,227,227,02C7
breve,breve,228,228,02D8
dotaccent,dotaccent,229,229,02D9
ring,ring,230,230,02DA
ogonek,ogonek,231,231,02DB
tilde,tilde,232,232,02DC
hungarumlaut,hungarumlaut,233,233,02DD
gravecomb,gravecomb,234,234,0300
acutecomb,acutecomb,235,235,0301
circumflexcomb,uni0302,236,236,0302
tildecomb,tildecomb,237,237,0303
dieresiscomb,uni0308,238,238,0308
ringcomb,uni030A,239,239,030A
caroncomb,uni030C,240,240,030C
cedillacomb,uni0327,241,241,0327
cgj,uni034F,242,242,034F
Omegagreek,uni03A9,243,243,03A9
pi,pi,244,244,03C0
gravedeva,uni0953,245,247,0953
acutedeva,uni0954,246,248,0954
vedictonedoublesvarita,uni1CDA,247,450,1CDA
vedictonekathakaanudatta,uni1CDC,248,451,1CDC
vedictonedotbelow,uni1CDD,249,452,1CDD
vedictonetwodotsbelow,uni1CDE,250,453,1CDE
vedictonethreedotsbelow,uni1CDF,251,454,1CDF
vedicsignjihvamuliya,uni1CF5,252,455,1CF5
enquad,uni2000,253,456,2000
emquad,uni2001,254,457,2001
enspace,uni2002,255,458,2002
emspace,uni2003,256,459,2003
threeperemspace,uni2004,257,460,2004
fourperemspace,uni2005,258,461,2005
sixperemspace,uni2006,259,462,2006
figurespace,uni2007,260,463,2007
punctuationspace,uni2008,261,464,2008
thinspace,uni2009,262,465,2009
hairspace,uni200A,263,466,200A
zwsp,uni200B,264,467,200B
zwnj,uni200C,265,468,200C
zwj,uni200D,266,469,200D
hyphentwo,uni2010,267,470,2010
hyphentwo.latn,uni2010.latn,268,471,
nbhyphen,uni2011,269,472,2011
nbhyphen.latn,uni2011.latn,270,473,
figuredash,figuredash,271,474,2012
figuredash.latn,figuredash.latn,272,475,
endash,endash,273,476,2013
endash.latn,endash.latn,274,477,
emdash,emdash,275,478,2014
emdash.latn,emdash.latn,276,479,
horizontalbar,uni2015,277,480,2015
horizontalbar.latn,uni2015.latn,278,481,
quoteleft,quoteleft,279,482,2018
quoteleft.latn,quoteleft.latn,280,483,
quoteright,quoteright,281,484,2019
quoteright.latn,quoteright.latn,282,485,
quotesinglbase,quotesinglbase,283,486,201A
quotedblleft,quotedblleft,284,487,201C
quotedblleft.latn,quotedblleft.latn,285,488,
quotedblright,quotedblright,286,489,201D
quotedblright.latn,quotedblright.latn,287,490,
quotedblbase,quotedblbase,288,491,201E
dagger,dagger,289,492,2020
daggerdbl,daggerdbl,290,493,2021
bullet,bullet,291,494,2022
ellipsis,ellipsis,292,495,2026
hyphenationpoint,uni2027,293,496,2027
lineseparator,uni2028,294,497,2028
paragraphseparator,uni2029,295,498,2029
nnbsp,uni202F,296,499,202F
perthousand,perthousand,297,500,2030
guilsinglleft,guilsinglleft,298,501,2039
guilsinglright,guilsinglright,299,502,203A
fraction,fraction,300,503,2044
wj,uni2060,301,504,2060
zerosuperior,uni2070,302,505,2070
foursuperior,uni2074,303,506,2074
fivesuperior,uni2075,304,507,2075
sixsuperior,uni2076,305,508,2076
sevensuperior,uni2077,306,509,2077
eightsuperior,uni2078,307,510,2078
ninesuperior,uni2079,308,511,2079
hyphensuperior,uni207B,309,512,207B
parenleftsuperior,uni207D,310,513,207D
parenrightsuperior,uni207E,311,514,207E
rs,uni20A8,312,515,20A8
euro,Euro,313,516,20AC
inr,uni20B9,314,517,20B9
trademark,trademark,315,518,2122
Ohm,Omega,316,519,2126
partialdiff,partialdiff,317,520,2202
increment,Delta,318,521,2206
product,product,319,522,220F
summation,summation,320,523,2211
minus,minus,321,524,2212
divisionslash,uni2215,322,525,2215
bulletoperator,uni2219,323,526,2219
radical,radical,324,527,221A
infinity,infinity,325,528,221E
integral,integral,326,529,222B
approxequal,approxequal,327,530,2248
notequal,notequal,328,531,2260
lessequal,lessequal,329,532,2264
greaterequal,greaterequal,330,533,2265
ceilingleft,uni2308,331,534,2308
ceilingright,uni2309,332,535,2309
floorleft,uni230A,333,536,230A
floorright,uni230B,334,537,230B
cornertopleft,uni231C,335,538,231C
cornertopright,uni231D,336,539,231D
cornerbottomleft,uni231E,337,540,231E
cornerbottomright,uni231F,338,541,231F
openbox,uni2423,339,542,2423
lozenge,lozenge,340,543,25CA
dottedcircle,uni25CC,341,544,25CC
brackethalftopleft,uni2E22,342,545,2E22
brackethalftopright,uni2E23,343,546,2E23
brackethalfbottomleft,uni2E24,344,547,2E24
brackethalfbottomright,uni2E25,345,548,2E25
sidebearingleft,uniF130,346,549,F130
sidebearingright,uniF131,347,550,F131
fi,uniFB01,348,551,FB01
fl,uniFB02,349,552,FB02
VS1,uniFE00,350,553,FE00
VS2,uniFE01,351,554,FE01
VS3,uniFE02,352,555,FE02
VS4,uniFE03,353,556,FE03
VS5,uniFE04,354,557,FE04
VS6,uniFE05,355,558,FE05
VS7,uniFE06,356,559,FE06
VS8,uniFE07,357,560,FE07
VS9,uniFE08,358,561,FE08
VS10,uniFE09,359,562,FE09
VS11,uniFE0A,360,563,FE0A
VS12,uniFE0B,361,564,FE0B
VS13,uniFE0C,362,565,FE0C
VS14,uniFE0D,363,566,FE0D
VS15,uniFE0E,364,567,FE0E
VS16,uniFE0F,365,568,FE0F
zwnbsp,uniFEFF,366,569,FEFF
objectReplacementCharacter,uniFFFC,367,570,FFFC
replacementCharacter,uniFFFD,368,571,FFFD
reph,reph,369,572,
reph_aimatra,reph_aimatra,370,573,
reph_aimatra_anusvara,reph_aimatra_anusvara,371,574,
reph_anusvara,reph_anusvara,372,575,
reph_ecandramatra,reph_ecandramatra,373,576,
reph_ecandramatra_anusvara,reph_ecandramatra_anusvara,374,577,
reph_ematra,reph_ematra,375,578,
reph_ematra_anusvara,reph_ematra_anusvara,376,579,
reph_iimatra,reph_iimatra,377,580,
reph_iimatra_anusvara,reph_iimatra_anusvara,378,581,
reph_imatra,reph_imatra,379,582,
reph_imatra.wide,reph_imatra.wide,380,583,
reph_imatra_anusvara,reph_imatra_anusvara,381,584,
reph_imatra_anusvara.wide,reph_imatra_anusvara.wide,382,585,
vattu,vattu,383,586,
vattu.rphf,vattu.rphf,384,587,
vattu_umatra,vattu_umatra,385,588,
vattu_uumatra,vattu_uumatra,386,589,
udatta,udatta,387,245,0951
anudatta,anudatta,388,246,0952
danda,danda,389,249,0964
dandadbl,dandadbl,390,250,0965
candrabindu,candrabindu,391,251,0A81
anusvara,anusvara,392,252,0A82
visarga,visarga,393,253,0A83
avowel,avowel,394,254,0A85
aavowel,aavowel,395,255,0A86
ivowel,ivowel,396,256,0A87
ivowel_anusvara,ivowel_anusvara,397,257,0A87_0A82
iivowel,iivowel,398,258,0A88
iivowel_anusvara,iivowel_anusvara,399,259,0A88_0A82
uvowel,uvowel,400,260,0A89
uvowel_anusvara,uvowel_anusvara,401,261,0A89_0A82
uuvowel,uuvowel,402,262,0A8A
uuvowel_anusvara,uuvowel_anusvara,403,263,0A8A_0A82
rvocalicvowel,rvocalicvowel,404,264,0A8B
ecandravowel,ecandravowel,405,265,0A8D
evowel,evowel,406,266,0A8F
aivowel,aivowel,407,267,0A90
ocandravowel,ocandravowel,408,268,0A91
ovowel,ovowel,409,269,0A93
auvowel,auvowel,410,270,0A94
ka,ka,411,271,0A95
ka.half,ka.half,412,272,
ka.vatu,ka.vatu,413,273,
ka_virama_ka,ka_virama_ka,414,274,0A95_0ACD_0A95
ka_virama_ssa,ka_virama_ssa,415,275,0A95_0ACD_0AB7
ka_virama_ssa.half,ka_virama_ssa.half,416,276,
kha,kha,417,277,0A96
kha.half,kha.half,418,278,
kha.half.vatu,kha.half.vatu,419,279,
kha.vatu,kha.vatu,420,280,
ga,ga,421,281,0A97
ga.half,ga.half,422,282,
ga.half.vatu,ga.half.vatu,423,283,
ga.vatu,ga.vatu,424,284,
ga_virama_na,ga_virama_na,425,285,0A97_0ACD_0AA8
gha,gha,426,286,0A98
gha.half,gha.half,427,287,
gha.half.vatu,gha.half.vatu,428,288,
gha.vatu,gha.vatu,429,289,
nga,nga,430,290,0A99
ca,ca,431,291,0A9A
ca.half,ca.half,432,292,
ca.half.vatu,ca.half.vatu,433,293,
ca.vatu,ca.vatu,434,294,
cha,cha,435,295,0A9B
ja,ja,436,296,0A9C
ja.half,ja.half,437,297,
ja.vatu,ja.vatu,438,298,
ja_aamatra,ja_aamatra,439,299,0A9C_0ABE
ja_iimatra,ja_iimatra,440,300,0A9C_0AC0
ja_virama_nya,ja_virama_nya,441,301,0A9C_0ACD_0A9E
ja_virama_nya.half,ja_virama_nya.half,442,302,
jha,jha,443,303,0A9D
jha.half,jha.half,444,304,
jha.vatu,jha.vatu,445,305,
nya,nya,446,306,0A9E
nya.half,nya.half,447,307,
tta,tta,448,308,0A9F
tta_virama_tta,tta_virama_tta,449,309,0A9F_0ACD_0A9F
tta_virama_ttha,tta_virama_ttha,450,310,0A9F_0ACD_0AA0
ttha,ttha,451,311,0AA0
ttha_virama_ttha,ttha_virama_ttha,452,312,0AA0_0ACD_0AA0
dda,dda,453,313,0AA1
dda_virama_dda,dda_virama_dda,454,314,0AA1_0ACD_0AA1
dda_virama_ddha,dda_virama_ddha,455,315,0AA1_0ACD_0AA2
ddha,ddha,456,316,0AA2
nna,nna,457,317,0AA3
nna.half,nna.half,458,318,
nna_umatra,nna_umatra,459,319,0AA3_0AC1
nna_uumatra,nna_uumatra,460,320,0AA3_0AC2
ta,ta,461,321,0AA4
ta.half,ta.half,462,322,
ta.half.vatu,ta.half.vatu,463,323,
ta.vatu,ta.vatu,464,324,
ta_virama_na,ta_virama_na,465,325,0AA4_0ACD_0AA8
ta_virama_ta,ta_virama_ta,466,326,0AA4_0ACD_0AA4
ta_virama_ta.half,ta_virama_ta.half,467,327,
tha,tha,468,328,0AA5
tha.half,tha.half,469,329,
tha.half.vatu,tha.half.vatu,470,330,
tha.vatu,tha.vatu,471,331,
da,da,472,332,0AA6
da.alt,da.alt,473,333,
da.vatu,da.vatu,474,334,
da_virama_da,da_virama_da,475,335,0AA6_0ACD_0AA6
da_virama_dha,da_virama_dha,476,336,0AA6_0ACD_0AA7
da_virama_ma,da_virama_ma,477,337,0AA6_0ACD_0AAE
da_virama_na,da_virama_na,478,338,0AA6_0ACD_0AA8
da_virama_va,da_virama_va,479,339,0AA6_0ACD_0AB5
da_virama_ya,da_virama_ya,480,340,0AA6_0ACD_0AAF
dha,dha,481,341,0AA7
dha.half,dha.half,482,342,
dha.half.vatu,dha.half.vatu,483,343,
dha.vatu,dha.vatu,484,344,
na,na,485,345,0AA8
na.half,na.half,486,346,
na.half.vatu,na.half.vatu,487,347,
na.vatu,na.vatu,488,348,
na_virama_na,na_virama_na,489,349,0AA8_0ACD_0AA8
na_virama_na.half,na_virama_na.half,490,350,
pa,pa,491,351,0AAA
pa.half,pa.half,492,352,
pa.half.vatu,pa.half.vatu,493,353,
pa.vatu,pa.vatu,494,354,
pha,pha,495,355,0AAB
pha.half,pha.half,496,356,
pha.vatu,pha.vatu,497,357,
ba,ba,498,358,0AAC
ba.half,ba.half,499,359,
ba.half.vatu,ba.half.vatu,500,360,
ba.vatu,ba.vatu,501,361,
bha,bha,502,362,0AAD
bha.half,bha.half,503,363,
bha.half.vatu,bha.half.vatu,504,364,
bha.vatu,bha.vatu,505,365,
ma,ma,506,366,0AAE
ma.half,ma.half,507,367,
ma.half.vatu,ma.half.vatu,508,368,
ma.vatu,ma.vatu,509,369,
ya,ya,510,370,0AAF
ya.half,ya.half,511,371,
ra,ra,512,372,0AB0
ra.alt,ra.alt,513,373,
ra_umatra,ra_umatra,514,374,0AB0_0AC1
ra_uumatra,ra_uumatra,515,375,0AB0_0AC2
ra_uumatra.alt,ra_uumatra.alt,516,376,
la,la,517,377,0AB2
la.half,la.half,518,378,
lla,lla,519,379,0AB3
lla.half,lla.half,520,380,
va,va,521,381,0AB5
va.half,va.half,522,382,
va.half.vatu,va.half.vatu,523,383,
va.vatu,va.vatu,524,384,
sha,sha,525,385,0AB6
sha.half,sha.half,526,386,
sha.half.alt,sha.half.alt,527,387,
sha.half.vatu,sha.half.vatu,528,388,
sha.vatu,sha.vatu,529,389,
sha_virama_va,sha_virama_va,530,390,0AB6_0ACD_0AB5
sha_virama_va.half,sha_virama_va.half,531,391,
ssa,ssa,532,392,0AB7
ssa.half,ssa.half,533,393,
ssa_virama_tta,ssa_virama_tta,534,394,0AB7_0ACD_0A9F
ssa_virama_tta.alt,ssa_virama_tta.alt,535,395,
ssa_virama_ttha,ssa_virama_ttha,536,396,0AB7_0ACD_0AA0
ssa_virama_ttha.alt,ssa_virama_ttha.alt,537,397,
sa,sa,538,398,0AB8
sa.half,sa.half,539,399,
sa.half.vatu,sa.half.vatu,540,400,
sa.vatu,sa.vatu,541,401,
ha,ha,542,402,0AB9
ha.half,ha.half,543,403,
ha.half.alt,ha.half.alt,544,404,
ha.old,ha.old,545,405,
ha.vatu,ha.vatu,546,406,
ha_virama_ma,ha_virama_ma,547,407,0AB9_0ACD_0AAE
ha_virama_na,ha_virama_na,548,408,0AB9_0ACD_0AA8
ha_virama_ya,ha_virama_ya,549,409,0AB9_0ACD_0AAF
ha_virama_ya.alt,ha_virama_ya.alt,550,410,
nukta,nukta,551,411,0ABC
avagraha,avagraha,552,412,0ABD
aamatra,aamatra,553,413,0ABE
imatra,imatra,554,414,0ABF
imatra.wide,imatra.wide,555,415,
imatra_anusvara,imatra_anusvara,556,416,0ABF_0A82
imatra_anusvara.wide,imatra_anusvara.wide,557,417,
iimatra,iimatra,558,418,0AC0
iimatra_anusvara,iimatra_anusvara,559,419,0AC0_0A82
umatra,umatra,560,420,0AC1
umatra.dup,umatra.dup,561,421,
umatra.low,umatra.low,562,422,
uumatra,uumatra,563,423,0AC2
uumatra.dup,uumatra.dup,564,424,
uumatra.low,uumatra.low,565,425,
rvocalicmatra,rvocalicmatra,566,426,0AC3
rvocalicmatra.low,rvocalicmatra.low,567,427,
rrvocalicmatra,rrvocalicmatra,568,428,0AC4
ecandramatra,ecandramatra,569,429,0AC5
ecandramatra_anusvara,ecandramatra_anusvara,570,430,0AC5_0A82
ematra,ematra,571,431,0AC7
ematra_anusvara,ematra_anusvara,572,432,0AC7_0A82
aimatra,aimatra,573,433,0AC8
aimatra_anusvara,aimatra_anusvara,574,434,0AC8_0A82
ocandramatra,ocandramatra,575,435,0AC9
omatra,omatra,576,436,0ACB
aumatra,aumatra,577,437,0ACC
virama,virama,578,438,0ACD
rrvocalicvowel,rrvocalicvowel,579,439,0AE0
zerogujr,zerogujr,580,440,0AE6
onegujr,onegujr,581,441,0AE7
twogujr,twogujr,582,442,0AE8
threegujr,threegujr,583,443,0AE9
fourgujr,fourgujr,584,444,0AEA
fivegujr,fivegujr,585,445,0AEB
sixgujr,sixgujr,586,446,0AEC
sevengujr,sevengujr,587,447,0AED
eightgujr,eightgujr,588,448,0AEE
ninegujr,ninegujr,589,449,0AEF
